{
    "Accuracy": 0.8665,
    "Precision": 0.782258064516129,
    "Recall": 0.47665847665847666,
    "F1 Score": 0.5923664122137404,
    "ROC AUC": 0.8694495728394034
}